user_id,timestamp,source,device,operative_system,test,price,converted
686486,2015-03-28 15:26:19,seo-other,mobile,android,1,39,0
128338,2015-05-15 11:41:49,direct_traffic,mobile,android,1,39,0
220590,2015-03-27 12:31:43,ads-google,web,windows,1,39,0
246390,2015-05-30 08:29:44,direct_traffic,mobile,iOS,1,39,0
906451,2015-04-05 11:09:18,ads-google,web,windows,1,39,0
500863,2015-05-06 22:40:51,ads_other,mobile,iOS,0,59,0
791541,2015-04-13 10:24:19,ads-bing,web,windows,0,59,0
402699,2015-05-16 12:08:45,direct_traffic,mobile,other,0,59,0
508012,2015-05-09 04:17:19,ads_other,web,windows,1,39,0
166760,2015-03-27 21:22:22,ads_other,mobile,iOS,1,39,0
624380,2015-05-22 12:37:19,seo-google,mobile,iOS,0,59,0
520175,2015-05-08 12:19:04,direct_traffic,mobile,android,1,39,0
577544,2015-04-24 17:44:57,seo-google,mobile,android,0,59,0
873557,2015-03-11 17:26:56,ads-bing,web,windows,0,59,0
55723,2015-04-04 09:54:47,ads_facebook,mobile,iOS,0,59,0
876935,2015-04-18 16:07:48,ads-bing,mobile,other,1,39,0
178415,2015-03-22 10:34:41,ads_facebook,web,windows,0,59,0
696413,2015-05-08 11:56:08,seo_facebook,mobile,other,1,39,0
802243,2015-04-24 19:21:53,ads_facebook,mobile,android,1,39,0
390801,2015-03-08 16:47:33,ads-bing,mobile,android,0,59,0
393676,2015-05-01 17:12:52,ads-google,web,windows,0,59,0
114627,2015-03-21 17:17:19,direct_traffic,mobile,android,1,39,0
837997,2015-04-03 03:34:25,direct_traffic,web,linux,1,39,0
264903,2015-04-01 08:55:41,seo_facebook,web,windows,0,59,0
624869,2015-04-26 17:19:56,seo-other,mobile,other,0,59,0
560470,2015-03-25 11:13:31,seo_facebook,mobile,android,1,39,0
263757,2015-03-22 13:59:11,ads_other,web,windows,0,59,0
82599,2015-04-25 11:22:58,direct_traffic,mobile,iOS,0,59,0
289424,2015-03-20 11:19:36,direct_traffic,mobile,iOS,0,59,0
108499,2015-03-14 13:44:24,ads_facebook,mobile,iOS,0,59,0
604418,2015-05-24 02:44:40,direct_traffic,web,windows,1,39,0
17850,2015-03-08 16:47:33,ads-bing,mobile,android,0,59,0
359216,2015-04-06 12:21:60,ads-bing,mobile,iOS,1,39,0
676686,2015-04-18 16:07:48,ads-bing,mobile,other,1,39,0
48240,2015-04-11 11:30:04,seo-google,mobile,iOS,1,39,0
470409,2015-04-28 15:06:15,direct_traffic,web,windows,1,39,0
915577,2015-03-11 17:43:14,ads-bing,mobile,iOS,0,59,0
417872,2015-03-25 11:13:31,seo_facebook,mobile,android,1,39,0
14453,2015-05-30 00:08:09,direct_traffic,web,windows,1,39,0
192862,2015-04-12 16:01:45,direct_traffic,web,windows,0,59,0
892089,2015-04-24 17:44:57,seo-google,mobile,android,0,59,0
134298,2015-03-15 22:49:34,ads_facebook,mobile,iOS,0,59,0
511110,2015-05-02 22:15:31,direct_traffic,mobile,iOS,1,39,0
710029,2015-03-15 00:29:54,seo-google,mobile,android,1,39,0
97336,2015-05-17 13:56:45,ads-bing,mobile,iOS,1,39,0
37501,2015-05-16 12:08:45,direct_traffic,mobile,other,0,59,0
475083,2015-05-21 08:58:34,seo_facebook,web,mac,0,59,0
411279,2015-04-04 12:58:51,seo_facebook,mobile,iOS,1,39,0
879655,2015-05-31 12:03:19,direct_traffic,mobile,iOS,0,59,0
485445,2015-05-16 11:04:32,friend_referral,mobile,android,0,59,0
673089,2015-05-16 08:46:44,ads-bing,web,windows,0,59,0
600091,2015-05-30 00:08:09,direct_traffic,web,windows,1,39,0
745090,2015-05-09 03:31:49,direct_traffic,mobile,iOS,0,59,0
119106,2015-05-21 10:29:26,friend_referral,mobile,android,0,59,0
856220,2015-05-09 11:30:49,seo-bing,mobile,iOS,1,39,0
281014,2015-03-22 13:59:11,ads_other,web,windows,0,59,0
982674,2015-05-24 16:30:42,ads-google,web,windows,1,39,0
634029,2015-03-08 13:39:02,direct_traffic,mobile,android,0,59,0
528787,2015-05-08 11:56:08,seo_facebook,mobile,other,1,39,0
319821,2015-03-06 08:18:06,ads_facebook,mobile,android,1,39,0
790008,2015-03-20 13:19:32,seo_facebook,mobile,iOS,0,59,0
88861,2015-05-15 09:21:37,seo-bing,mobile,other,1,39,0
54879,2015-05-28 10:33:07,friend_referral,mobile,iOS,1,39,0
22074,2015-04-01 20:12:59,direct_traffic,web,mac,0,59,0
879301,2015-04-27 11:31:24,direct_traffic,web,mac,0,59,0
85295,2015-04-04 12:58:51,seo_facebook,mobile,iOS,1,39,0
894576,2015-04-12 14:39:38,seo-google,web,mac,1,39,0
289892,2015-05-16 11:58:46,seo-bing,mobile,iOS,0,59,0
553651,2015-05-18 01:60:25,ads_other,mobile,iOS,0,59,0
347356,2015-04-15 16:13:56,direct_traffic,web,windows,1,39,0
350980,2015-04-13 10:24:19,ads-bing,web,windows,0,59,0
879748,2015-03-27 12:04:14,ads_facebook,web,windows,1,39,0
77237,2015-03-08 12:17:36,seo_facebook,mobile,other,0,59,0
129545,2015-05-08 16:21:14,ads_other,web,mac,1,39,0
860390,2015-03-13 10:19:40,direct_traffic,mobile,android,0,59,0
750136,2015-03-11 07:04:03,ads_other,web,linux,0,59,0
518017,2015-04-26 17:19:56,seo-other,mobile,other,0,59,0
29529,2015-03-06 04:09:24,ads_other,mobile,other,1,39,0
352217,2015-03-05 10:44:54,ads_facebook,web,windows,0,59,0
688291,2015-04-16 13:24:32,direct_traffic,mobile,iOS,1,39,0
238860,2015-04-05 22:43:27,ads-yahoo,web,windows,0,59,0
984851,2015-03-07 12:58:33,ads-bing,mobile,iOS,0,59,0
98496,2015-03-22 11:44:24,ads-google,mobile,android,0,59,0
249446,2015-04-16 13:24:32,direct_traffic,mobile,iOS,1,39,0
437227,2015-04-17 11:13:09,direct_traffic,web,mac,0,59,1
60853,2015-03-05 10:44:54,ads_facebook,web,windows,0,59,0
119737,2015-05-09 15:41:29,ads-bing,web,windows,1,39,0
800557,2015-03-26 19:17:08,direct_traffic,web,windows,0,59,0
281639,2015-04-09 14:45:60,ads-bing,mobile,other,0,59,0
203251,2015-05-29 14:08:17,seo-google,mobile,android,1,39,0
746463,2015-04-05 11:09:18,ads-google,web,windows,1,39,0
409758,2015-03-22 11:44:24,ads-google,mobile,android,0,59,0
938960,2015-04-05 22:43:27,ads-yahoo,web,windows,0,59,0
500402,2015-04-07 10:18:26,ads-yahoo,mobile,iOS,0,59,0
691391,2015-05-02 22:15:31,direct_traffic,mobile,iOS,1,39,0
320349,2015-04-18 16:07:48,ads-bing,mobile,other,1,39,0
961400,2015-03-20 06:42:50,ads_facebook,web,windows,0,59,0
738789,2015-03-13 10:19:40,direct_traffic,mobile,android,0,59,0
183218,2015-05-01 17:12:52,ads-google,web,windows,0,59,0
564361,2015-04-10 15:45:42,direct_traffic,mobile,android,1,39,0
273710,2015-04-13 10:24:19,ads-bing,web,windows,0,59,0
187719,2015-04-21 17:40:22,ads-yahoo,mobile,iOS,1,39,0
6499,2015-05-16 11:58:46,seo-bing,mobile,iOS,0,59,0
654663,2015-04-17 13:19:25,seo-other,web,windows,0,59,0
802708,2015-03-07 08:52:59,ads-bing,web,mac,1,39,0
573238,2015-05-29 07:04:51,ads_facebook,mobile,android,0,59,0
265522,2015-04-12 14:39:38,seo-google,web,mac,1,39,0
301318,2015-03-13 20:60:38,seo-other,mobile,iOS,1,39,0
931615,2015-05-29 13:14:01,ads_other,web,windows,0,59,0
190884,2015-05-10 13:35:50,ads_facebook,mobile,android,1,39,0
450367,2015-05-01 17:12:52,ads-google,web,windows,0,59,0
775329,2015-03-07 12:38:27,direct_traffic,mobile,iOS,0,59,0
451959,2015-03-13 09:37:34,friend_referral,web,windows,1,39,0
494700,2015-05-17 13:56:45,ads-bing,mobile,iOS,1,39,0
334704,2015-03-28 07:57:27,ads_facebook,web,windows,1,39,0
589537,2015-05-24 16:30:42,ads-google,web,windows,1,39,0
687173,2015-03-25 15:14:46,direct_traffic,mobile,iOS,0,59,0
306493,2015-03-06 20:51:06,ads-google,mobile,iOS,0,59,0
58369,2015-04-17 15:49:29,ads_facebook,web,windows,0,59,0
317094,2015-05-29 14:08:17,seo-google,mobile,android,1,39,0
517434,2015-05-26 12:53:23,seo-google,mobile,android,1,39,0
322389,2015-05-30 03:38:17,ads_other,web,windows,0,59,0
527263,2015-05-30 03:38:17,ads_other,web,windows,0,59,0
557214,2015-04-25 11:22:58,direct_traffic,mobile,iOS,0,59,0
891785,2015-03-30 15:52:22,ads_facebook,mobile,android,0,59,0
549703,2015-05-16 11:58:46,seo-bing,mobile,iOS,0,59,0
861691,2015-04-06 10:52:26,ads_other,mobile,iOS,0,59,0
817722,2015-05-16 08:46:44,ads-bing,web,windows,0,59,0
349400,2015-03-28 07:57:27,ads_facebook,web,windows,1,39,0
619437,2015-05-23 23:17:16,seo-other,web,mac,0,59,0
848729,2015-05-31 23:04:22,direct_traffic,mobile,iOS,1,39,0
318290,2015-05-03 08:52:08,ads-bing,web,windows,1,39,0
121785,2015-04-12 16:01:45,direct_traffic,web,windows,0,59,0
40700,2015-03-06 20:51:06,ads-google,mobile,iOS,0,59,0
516499,2015-05-01 00:51:12,direct_traffic,mobile,android,0,59,0
138366,2015-05-22 13:32:48,direct_traffic,web,mac,0,59,0
568231,2015-03-07 08:52:59,ads-bing,web,mac,1,39,0
410622,2015-04-24 11:19:45,seo-yahoo,mobile,iOS,0,59,0
564777,2015-03-13 12:39:20,direct_traffic,web,windows,0,59,0
524699,2015-05-08 12:19:04,direct_traffic,mobile,android,1,39,0
702730,2015-04-08 12:19:53,seo-google,mobile,iOS,0,59,0
275014,2015-04-05 04:27:24,ads_facebook,mobile,iOS,1,39,0
11878,2015-03-28 10:56:37,seo-google,web,mac,0,59,0
854576,2015-04-25 15:22:57,ads-bing,web,windows,1,39,0
259651,2015-04-09 14:45:60,ads-bing,mobile,other,0,59,0
819436,2015-03-27 21:22:22,ads_other,mobile,iOS,1,39,0
580381,2015-05-22 13:32:48,direct_traffic,web,mac,0,59,0
854681,2015-05-04 09:28:43,direct_traffic,web,mac,0,59,0
240605,2015-05-17 12:48:37,direct_traffic,web,mac,0,59,0
275565,2015-05-17 13:56:45,ads-bing,mobile,iOS,1,39,0
422981,2015-05-29 13:14:01,ads_other,web,windows,0,59,0
807007,2015-03-21 17:17:19,direct_traffic,mobile,android,1,39,0
774722,2015-03-11 07:04:03,ads_other,web,linux,0,59,0
626100,2015-05-16 08:46:44,ads-bing,web,windows,0,59,0
934615,2015-04-17 13:19:25,seo-other,web,windows,0,59,0
47612,2015-05-23 23:17:16,seo-other,web,mac,0,59,0
908821,2015-05-04 09:28:43,direct_traffic,web,mac,0,59,0
237546,2015-05-30 03:38:17,ads_other,web,windows,0,59,0
627161,2015-03-30 15:52:22,ads_facebook,mobile,android,0,59,0
453418,2015-03-23 18:40:39,ads-google,web,windows,0,59,0
322143,2015-05-27 12:58:21,seo-yahoo,web,mac,0,59,0
544399,2015-04-19 14:30:16,seo-yahoo,web,windows,0,59,0
599497,2015-04-08 11:20:40,direct_traffic,web,windows,1,39,0
621096,2015-04-10 22:26:26,ads_other,web,mac,0,59,0
296703,2015-05-17 13:09:57,seo-google,web,windows,0,59,0
27381,2015-04-04 06:37:44,ads_other,web,windows,1,39,0
225590,2015-04-08 11:20:40,direct_traffic,web,windows,1,39,0
901245,2015-03-06 20:51:06,ads-google,mobile,iOS,0,59,0
478223,2015-05-09 11:30:49,seo-bing,mobile,iOS,1,39,0
911318,2015-05-20 17:46:13,ads_other,mobile,other,0,59,0
885894,2015-03-05 10:44:54,ads_facebook,web,windows,0,59,0
293220,2015-03-27 12:31:43,ads-google,web,windows,1,39,0
508192,2015-03-06 08:18:06,ads_facebook,mobile,android,1,39,0
349183,2015-05-20 17:46:13,ads_other,mobile,other,0,59,0
366350,2015-03-08 13:39:02,direct_traffic,mobile,android,0,59,0
56368,2015-05-21 10:29:26,friend_referral,mobile,android,0,59,0
426060,2015-03-28 17:59:37,ads-google,mobile,iOS,0,59,0
932451,2015-03-13 00:24:23,ads_facebook,mobile,iOS,1,39,0
428645,2015-03-22 13:59:11,ads_other,web,windows,0,59,0
933258,2015-05-30 22:31:60,seo-google,mobile,iOS,0,59,1
216025,2015-04-17 13:19:25,seo-other,web,windows,0,59,0
326580,2015-03-08 04:44:22,direct_traffic,web,windows,1,39,0
708754,2015-05-22 10:55:22,direct_traffic,web,windows,0,59,0
773633,2015-04-19 07:52:53,ads-google,mobile,android,1,39,0
46842,2015-03-14 07:21:18,ads_other,web,windows,1,39,0
295006,2015-03-30 15:52:22,ads_facebook,mobile,android,0,59,0
603856,2015-03-06 20:51:06,ads-google,mobile,iOS,0,59,0
2175,2015-03-21 17:50:58,seo-other,mobile,android,0,59,0
961664,2015-03-05 10:44:54,ads_facebook,web,windows,0,59,0
840285,2015-05-05 11:02:23,seo_facebook,mobile,iOS,1,39,0
418372,2015-05-28 12:29:38,ads_facebook,web,windows,0,59,1
273463,2015-05-27 12:58:21,seo-yahoo,web,mac,0,59,0
418263,2015-03-11 21:09:24,ads-bing,mobile,android,1,39,0
253309,2015-04-19 14:30:16,seo-yahoo,web,windows,0,59,0
20693,2015-03-27 21:22:22,ads_other,mobile,iOS,1,39,0
779114,2015-03-27 14:11:50,seo_facebook,mobile,other,1,39,0
485205,2015-05-29 07:04:06,seo-google,mobile,iOS,1,39,0
667899,2015-04-04 06:37:44,ads_other,web,windows,1,39,0
229485,2015-05-09 04:17:19,ads_other,web,windows,1,39,0
877981,2015-05-16 11:58:46,seo-bing,mobile,iOS,0,59,0
10862,2015-04-08 11:20:40,direct_traffic,web,windows,1,39,0
487954,2015-04-03 03:34:25,direct_traffic,web,linux,1,39,0
759790,2015-03-20 13:19:32,seo_facebook,mobile,iOS,0,59,0
818603,2015-05-30 00:08:09,direct_traffic,web,windows,1,39,0
231307,2015-05-23 11:53:10,direct_traffic,web,windows,1,39,0
468508,2015-05-15 09:21:37,seo-bing,mobile,other,1,39,0
687597,2015-04-05 04:27:24,ads_facebook,mobile,iOS,1,39,0
816681,2015-05-10 13:35:50,ads_facebook,mobile,android,1,39,0
106697,2015-05-30 03:38:17,ads_other,web,windows,0,59,0
39332,2015-04-10 15:45:42,direct_traffic,mobile,android,1,39,0
557525,2015-05-28 10:33:07,friend_referral,mobile,iOS,1,39,0
940661,2015-05-25 19:15:05,ads-google,web,windows,1,39,0
159440,2015-03-06 08:27:53,ads-google,mobile,iOS,1,39,0
408610,2015-04-11 13:56:24,direct_traffic,mobile,android,1,39,0
967573,2015-05-01 15:22:43,ads-bing,mobile,iOS,0,59,0
382438,2015-03-22 11:44:24,ads-google,mobile,android,0,59,0
881664,2015-03-08 13:39:02,direct_traffic,mobile,android,0,59,0
951320,2015-04-01 20:12:59,direct_traffic,web,mac,0,59,0
744371,2015-05-31 20:45:51,ads-google,web,windows,1,39,0
999902,2015-04-12 16:01:45,direct_traffic,web,windows,0,59,0
967351,2015-05-16 11:04:32,friend_referral,mobile,android,0,59,0
491391,2015-03-06 08:27:53,ads-google,mobile,iOS,1,39,0
145528,2015-04-11 11:30:04,seo-google,mobile,iOS,1,39,0
420157,2015-04-08 02:20:55,friend_referral,mobile,android,0,59,1
399907,2015-03-06 20:51:06,ads-google,mobile,iOS,0,59,0
1219,2015-03-07 13:27:33,friend_referral,web,windows,0,59,0
1928,2015-05-30 03:38:17,ads_other,web,windows,0,59,0
527458,2015-05-22 16:08:59,ads_other,mobile,iOS,0,59,0
235022,2015-05-17 16:04:53,ads-yahoo,web,windows,1,39,0
969219,2015-05-29 14:27:50,friend_referral,mobile,android,0,59,0
265480,2015-03-28 15:26:19,seo-other,mobile,android,1,39,0
363125,2015-05-15 21:22:59,direct_traffic,mobile,iOS,1,39,0
591390,2015-04-18 23:16:57,seo-google,mobile,android,0,59,0
606659,2015-05-03 08:52:08,ads-bing,web,windows,1,39,0
748436,2015-04-17 13:19:25,seo-other,web,windows,0,59,0
569390,2015-04-07 10:18:26,ads-yahoo,mobile,iOS,0,59,0
118823,2015-03-13 20:60:38,seo-other,mobile,iOS,1,39,0
77542,2015-05-17 13:09:57,seo-google,web,windows,0,59,0
217562,2015-03-15 00:29:54,seo-google,mobile,android,1,39,0
133341,2015-05-22 10:55:22,direct_traffic,web,windows,0,59,0
573288,2015-03-06 20:51:06,ads-google,mobile,iOS,0,59,0
369844,2015-05-16 08:46:44,ads-bing,web,windows,0,59,0
573280,2015-03-28 18:06:27,ads_other,mobile,android,0,59,0
952702,2015-04-19 07:52:53,ads-google,mobile,android,1,39,0
212929,2015-04-05 18:01:28,direct_traffic,web,windows,1,39,0
116028,2015-03-22 13:59:11,ads_other,web,windows,0,59,0
792543,2015-05-17 12:48:37,direct_traffic,web,mac,0,59,0
67512,2015-04-21 17:40:22,ads-yahoo,mobile,iOS,1,39,0
476291,2015-03-15 23:28:36,ads_other,mobile,iOS,1,39,0
319926,2015-04-17 16:04:59,ads-bing,mobile,iOS,0,59,0
411952,2015-04-12 08:33:11,direct_traffic,mobile,android,0,59,1
983852,2015-04-08 12:19:53,seo-google,mobile,iOS,0,59,0
45631,2015-05-07 03:06:24,seo-google,mobile,iOS,0,59,0
728547,2015-05-31 11:22:45,ads_facebook,mobile,iOS,1,39,0
775190,2015-04-06 12:21:60,ads-bing,mobile,iOS,1,39,0
249445,2015-03-20 13:23:19,ads-google,mobile,iOS,0,59,0
665353,2015-05-29 13:14:01,ads_other,web,windows,0,59,0
705574,2015-03-15 23:28:36,ads_other,mobile,iOS,1,39,0
914891,2015-04-02 10:27:04,friend_referral,mobile,iOS,0,59,0
185152,2015-05-16 08:46:44,ads-bing,web,windows,0,59,0
758366,2015-05-16 12:08:45,direct_traffic,mobile,other,0,59,0
233274,2015-05-09 03:31:49,direct_traffic,mobile,iOS,0,59,0
440388,2015-03-22 13:59:11,ads_other,web,windows,0,59,0
852272,2015-05-17 13:09:57,seo-google,web,windows,0,59,0
918208,2015-04-04 09:54:47,ads_facebook,mobile,iOS,0,59,0
540912,2015-04-02 10:27:04,friend_referral,mobile,iOS,0,59,0
693473,2015-05-03 08:52:08,ads-bing,web,windows,1,39,0
453051,2015-03-05 10:44:54,ads_facebook,web,windows,0,59,0
580097,2015-04-25 11:22:58,direct_traffic,mobile,iOS,0,59,0
58901,2015-05-29 13:14:01,ads_other,web,windows,0,59,0
166589,2015-03-29 19:05:49,ads_facebook,web,windows,0,59,0
848580,2015-05-23 23:17:16,seo-other,web,mac,0,59,0
546619,2015-05-08 16:21:14,ads_other,web,mac,1,39,0
333188,2015-03-28 12:25:19,ads-bing,web,windows,0,59,0
619699,2015-04-19 14:30:16,seo-yahoo,web,windows,0,59,0
799980,2015-04-04 06:37:44,ads_other,web,windows,1,39,0
790243,2015-04-07 10:18:26,ads-yahoo,mobile,iOS,0,59,0
123837,2015-05-16 12:08:45,direct_traffic,mobile,other,0,59,0
468547,2015-04-12 16:01:45,direct_traffic,web,windows,0,59,0
77036,2015-04-19 17:19:42,ads-google,mobile,android,0,59,0
271533,2015-03-11 07:04:03,ads_other,web,linux,0,59,0
43650,2015-05-08 18:10:09,ads_other,mobile,iOS,1,39,0
127833,2015-03-27 14:11:50,seo_facebook,mobile,other,1,39,0
297493,2015-03-27 21:22:22,ads_other,mobile,iOS,1,39,0
750878,2015-04-09 14:45:60,ads-bing,mobile,other,0,59,0
743342,2015-05-01 15:22:43,ads-bing,mobile,iOS,0,59,0
654915,2015-03-19 03:43:43,seo-google,web,windows,1,39,0
923916,2015-05-22 13:32:48,direct_traffic,web,mac,0,59,0
987966,2015-03-20 12:38:04,seo-google,mobile,iOS,0,59,0
833934,2015-05-25 19:15:05,ads-google,web,windows,1,39,0
354921,2015-05-24 03:31:03,ads_other,web,windows,1,39,0
287273,2015-05-01 15:22:43,ads-bing,mobile,iOS,0,59,0
880288,2015-04-28 15:06:15,direct_traffic,web,windows,1,39,0
623480,2015-03-27 10:29:47,friend_referral,mobile,other,0,59,0
356638,2015-03-28 15:26:19,seo-other,mobile,android,1,39,0
572130,2015-03-05 10:44:54,ads_facebook,web,windows,0,59,0
843665,2015-04-19 17:19:42,ads-google,mobile,android,0,59,0
506296,2015-04-02 10:27:04,friend_referral,mobile,iOS,0,59,0
6963,2015-04-21 17:40:22,ads-yahoo,mobile,iOS,1,39,0
758835,2015-04-27 11:31:24,direct_traffic,web,mac,0,59,0
196045,2015-04-24 11:19:45,seo-yahoo,mobile,iOS,0,59,0
39711,2015-03-14 13:44:24,ads_facebook,mobile,iOS,0,59,0
132993,2015-04-28 15:06:15,direct_traffic,web,windows,1,39,0
175833,2015-03-25 11:13:31,seo_facebook,mobile,android,1,39,0
827063,2015-03-27 16:20:58,ads_facebook,web,windows,0,59,0
658666,2015-03-27 16:54:22,ads_facebook,mobile,iOS,1,39,0
38859,2015-03-25 15:14:46,direct_traffic,mobile,iOS,0,59,0
225340,2015-05-31 12:03:19,direct_traffic,mobile,iOS,0,59,0
398250,2015-04-19 17:19:42,ads-google,mobile,android,0,59,0
98823,2015-05-31 23:04:22,direct_traffic,mobile,iOS,1,39,0
379629,2015-03-13 00:24:23,ads_facebook,mobile,iOS,1,39,0
378448,2015-05-09 04:17:19,ads_other,web,windows,1,39,0
587166,2015-05-22 10:55:22,direct_traffic,web,windows,0,59,0
140832,2015-03-27 10:29:47,friend_referral,mobile,other,0,59,0
668987,2015-05-20 17:46:13,ads_other,mobile,other,0,59,0
271580,2015-03-21 10:09:55,ads_facebook,web,windows,0,59,0
716497,2015-03-06 08:18:06,ads_facebook,mobile,android,1,39,0
598562,2015-05-08 16:21:14,ads_other,web,mac,1,39,0
283715,2015-04-25 21:54:24,seo_facebook,mobile,iOS,0,59,0
627435,2015-05-02 22:15:31,direct_traffic,mobile,iOS,1,39,0
348851,2015-03-28 07:57:27,ads_facebook,web,windows,1,39,0
581606,2015-03-29 19:05:49,ads_facebook,web,windows,0,59,0
53161,2015-03-15 07:53:22,seo-bing,mobile,iOS,0,59,0
513522,2015-04-06 12:21:60,ads-bing,mobile,iOS,1,39,0
130386,2015-05-21 12:36:06,ads-google,mobile,iOS,1,39,0
371299,2015-05-26 12:53:23,seo-google,mobile,android,1,39,0
936735,2015-03-06 11:25:31,seo_facebook,web,windows,1,39,0
273257,2015-03-06 11:25:31,seo_facebook,web,windows,1,39,0
536670,2015-04-05 11:09:18,ads-google,web,windows,1,39,0
758444,2015-05-22 12:37:19,seo-google,mobile,iOS,0,59,0
655365,2015-04-11 05:39:30,seo-other,web,mac,1,39,0
217151,2015-05-22 10:55:22,direct_traffic,web,windows,0,59,0
449229,2015-04-17 16:04:59,ads-bing,mobile,iOS,0,59,0
335214,2015-04-02 10:27:04,friend_referral,mobile,iOS,0,59,0
202320,2015-04-16 13:24:32,direct_traffic,mobile,iOS,1,39,0
688591,2015-04-19 17:19:42,ads-google,mobile,android,0,59,0
581524,2015-03-20 13:19:32,seo_facebook,mobile,iOS,0,59,0
134326,2015-04-09 14:45:60,ads-bing,mobile,other,0,59,0
72410,2015-03-15 23:28:36,ads_other,mobile,iOS,1,39,0
595226,2015-05-21 18:10:52,seo_facebook,web,windows,0,59,0
402139,2015-03-07 13:27:33,friend_referral,web,windows,0,59,0
771357,2015-04-05 22:43:27,ads-yahoo,web,windows,0,59,0
14601,2015-05-13 03:56:05,ads-google,mobile,android,1,39,0
782790,2015-05-24 02:44:40,direct_traffic,web,windows,1,39,0
287861,2015-03-08 16:47:33,ads-bing,mobile,android,0,59,0
849338,2015-05-17 16:04:53,ads-yahoo,web,windows,1,39,0
820047,2015-05-21 18:10:52,seo_facebook,web,windows,0,59,0
160411,2015-03-28 12:25:19,ads-bing,web,windows,0,59,0
744493,2015-05-08 18:10:09,ads_other,mobile,iOS,1,39,0
31136,2015-03-13 09:05:52,ads_other,mobile,iOS,1,39,1
755080,2015-03-28 18:06:27,ads_other,mobile,android,0,59,0
362747,2015-03-05 10:44:54,ads_facebook,web,windows,0,59,0
326423,2015-05-25 19:15:05,ads-google,web,windows,1,39,0
193582,2015-05-16 12:08:45,direct_traffic,mobile,other,0,59,0
894867,2015-03-05 10:44:54,ads_facebook,web,windows,0,59,0
782507,2015-04-05 18:01:28,direct_traffic,web,windows,1,39,0
557784,2015-05-17 16:04:53,ads-yahoo,web,windows,1,39,0
237101,2015-05-06 22:40:51,ads_other,mobile,iOS,0,59,0
666946,2015-05-22 13:32:48,direct_traffic,web,mac,0,59,0
24049,2015-04-12 14:39:38,seo-google,web,mac,1,39,0
191130,2015-04-10 15:45:42,direct_traffic,mobile,android,1,39,0
237644,2015-05-15 11:41:49,direct_traffic,mobile,android,1,39,0
590389,2015-04-14 04:07:41,direct_traffic,mobile,iOS,0,59,0
748425,2015-05-25 19:15:05,ads-google,web,windows,1,39,0
501672,2015-04-01 08:55:41,seo_facebook,web,windows,0,59,0
